-- phpMyAdmin SQL Dump
-- version 5.2.0
-- https://www.phpmyadmin.net/
--
-- Hôte : localhost
-- Généré le : mar. 07 mars 2023 à 08:45
-- Version du serveur : 10.4.27-MariaDB
-- Version de PHP : 8.2.0

SET SQL_MODE = "NO_AUTO_VALUE_ON_ZERO";
START TRANSACTION;
SET time_zone = "+00:00";


/*!40101 SET @OLD_CHARACTER_SET_CLIENT=@@CHARACTER_SET_CLIENT */;
/*!40101 SET @OLD_CHARACTER_SET_RESULTS=@@CHARACTER_SET_RESULTS */;
/*!40101 SET @OLD_COLLATION_CONNECTION=@@COLLATION_CONNECTION */;
/*!40101 SET NAMES utf8mb4 */;

--
-- Base de données : `comparo_full`
--

-- --------------------------------------------------------

--
-- Structure de la table `destination`
--

CREATE TABLE `destination` (
  `id` int(11) NOT NULL,
  `location` varchar(255) NOT NULL,
  `price` int(11) NOT NULL,
  `tour_operator_id` int(11) NOT NULL
) ENGINE=InnoDB DEFAULT CHARSET=utf8 COLLATE=utf8_general_ci;

--
-- Déchargement des données de la table `destination`
--

INSERT INTO `destination` (`id`, `location`, `price`, `tour_operator_id`) VALUES
(1, 'Saint Romain Lachalm', 1, 2),
(2, 'Madrid', 600, 2),
(3, 'Berlin', 300, 1),
(4, 'Seoul', 1000, 3),
(5, 'Bangkok', 200, 2),
(6, 'Bombay', 250, 1),
(7, 'New York', 1000, 2),
(8, 'Tel-Aviv', 400, 3),
(9, 'Venise', 700, 2),
(10, 'Tokyo ', 1300, 1);

-- --------------------------------------------------------

--
-- Structure de la table `review`
--

CREATE TABLE `review` (
  `id` int(11) NOT NULL,
  `message` varchar(255) NOT NULL,
  `author` varchar(255) NOT NULL,
  `tour_operator_id` int(11) NOT NULL
) ENGINE=InnoDB DEFAULT CHARSET=utf8 COLLATE=utf8_general_ci;

--
-- Déchargement des données de la table `review`
--

INSERT INTO `review` (`id`, `message`, `author`, `tour_operator_id`) VALUES
(1, 'Super voyage, prestation au top !!', 'Michel', 2),
(2, 'Tout est inclus dans le prix, c\'est cool, je recommande', 'Paul', 3),
(3, 'Un peu cher, mais ça vaut le coup', 'Paul', 2),
(4, 'arnaque!!!! a fuire!!!', 'René', 2);

-- --------------------------------------------------------

--
-- Structure de la table `tour_operator`
--

CREATE TABLE `tour_operator` (
  `id` int(11) NOT NULL,
  `name` varchar(255) NOT NULL,
  `link` varchar(255) NOT NULL,
  `grade_count` int(11) NOT NULL DEFAULT 0,
  `grade_total` int(11) NOT NULL DEFAULT 0,
  `is_premium` tinyint(1) NOT NULL DEFAULT 0
) ENGINE=InnoDB DEFAULT CHARSET=utf8 COLLATE=utf8_general_ci;

--
-- Déchargement des données de la table `tour_operator`
--

INSERT INTO `tour_operator` (`id`, `name`, `link`, `grade_count`, `grade_total`, `is_premium`) VALUES
(1, 'Salaun Holidays', 'https://www.salaun-holidays.com/', 0, 0, 0),
(2, 'Fram', 'https://www.fram.fr/', 2, 6, 1),
(3, 'Heliades', 'https://www.heliades.fr/', 1, 4, 0);

--
-- Index pour les tables déchargées
--

--
-- Index pour la table `destination`
--
ALTER TABLE `destination`
  ADD PRIMARY KEY (`id`),
  ADD KEY `destination_tour_operator` (`tour_operator_id`);

--
-- Index pour la table `review`
--
ALTER TABLE `review`
  ADD PRIMARY KEY (`id`),
  ADD KEY `review_tour_operator` (`tour_operator_id`);

--
-- Index pour la table `tour_operator`
--
ALTER TABLE `tour_operator`
  ADD PRIMARY KEY (`id`);

--
-- AUTO_INCREMENT pour les tables déchargées
--

--
-- AUTO_INCREMENT pour la table `destination`
--
ALTER TABLE `destination`
  MODIFY `id` int(11) NOT NULL AUTO_INCREMENT, AUTO_INCREMENT=11;

--
-- AUTO_INCREMENT pour la table `review`
--
ALTER TABLE `review`
  MODIFY `id` int(11) NOT NULL AUTO_INCREMENT, AUTO_INCREMENT=5;

--
-- AUTO_INCREMENT pour la table `tour_operator`
--
ALTER TABLE `tour_operator`
  MODIFY `id` int(11) NOT NULL AUTO_INCREMENT, AUTO_INCREMENT=4;

--
-- Contraintes pour les tables déchargées
--

--
-- Contraintes pour la table `destination`
--
ALTER TABLE `destination`
  ADD CONSTRAINT `destination_tour_operator` FOREIGN KEY (`tour_operator_id`) REFERENCES `tour_operator` (`id`);

--
-- Contraintes pour la table `review`
--
ALTER TABLE `review`
  ADD CONSTRAINT `review_tour_operator` FOREIGN KEY (`tour_operator_id`) REFERENCES `tour_operator` (`id`);
COMMIT;

/*!40101 SET CHARACTER_SET_CLIENT=@OLD_CHARACTER_SET_CLIENT */;
/*!40101 SET CHARACTER_SET_RESULTS=@OLD_CHARACTER_SET_RESULTS */;
/*!40101 SET COLLATION_CONNECTION=@OLD_COLLATION_CONNECTION */;
